{"teleportPrefabPaths":["Prefab/Teleports/CommonTeleportEnter","Prefab/Teleports/CommonTeleportExit"],"teleportPositions":[{"x":-6.800000190734863,"y":3.049999952316284,"z":0.0},{"x":-6.800000190734863,"y":-2.200000047683716,"z":0.0}],"materialPrefabPaths":["Prefab/Materials/material1","Prefab/Materials/material2"],"materialPositions":[{"x":0.0,"y":3.049999952316284,"z":0.0},{"x":0.0,"y":-2.4600000381469728,"z":0.0}],"enemyPrefabPaths":["Prefab/Enemies/Enemy1","Prefab/Enemies/Enemy2"],"enemyPositions":[{"x":5.489999771118164,"y":2.880000114440918,"z":0.0},{"x":5.489999771118164,"y":-1.7799999713897706,"z":0.0}]}