{"teleportPrefabPaths":["Prefab/Teleports/CommonTeleportEnter","Prefab/Teleports/CommonTeleportExit"],"teleportPositions":[{"x":-12.289999961853028,"y":3.049999952316284,"z":0.0},{"x":-12.289999961853028,"y":-2.200000047683716,"z":0.0}],"materialPrefabPaths":["Prefab/Materials/material1","Prefab/Materials/material2"],"materialPositions":[{"x":-6.269999980926514,"y":3.049999952316284,"z":0.0},{"x":-6.269999980926514,"y":-2.4600000381469728,"z":0.0}],"enemyPrefabPaths":["Prefab/Enemies/Enemy1","Prefab/Enemies/Enemy2"],"enemyPositions":[{"x":0.0,"y":2.880000114440918,"z":0.0},{"x":0.0,"y":-1.7799999713897706,"z":0.0}]}